<?xml version="1.0" encoding="UTF-8"?>
<addon id="plugin.video.SemperFI" version="1.1.0" name="[COLOR lime][/COLOR] SemperFI [COLOR wizard] Wizard[/COLOR]" provider-name="Semperfidelis">
    <requires>
        <import addon="xbmc.python" version="2.1.0"/>
        <import addon="script.module.addon.common" version="2.0.0" />
    </requires>
    <extension point="xbmc.python.pluginsource" library="default.py">
        <provides>executable</provides>
    </extension>
    <extension point="xbmc.service" library="service.py" start="startup">
    </extension>
    <extension point="xbmc.addon.metadata">
        <summary>[COLOR lime]SemperFI[/COLOR] Wizard</summary>
        <description>
***INSTALL BUILDS FROM SEMPERFIDELIS ***
        </description>
        <platform>all</platform>
        <website></website>
		<forum></forum>
    </extension>
</addon>
