<?xml version="1.0" encoding="UTF-8" standalone="yes"?>
<addon id="repository.SemperFI-Builds" name="SemperFI Builds Repository" version="2.1.1" provider-name="Semperfidelis">
    <extension point="xbmc.addon.repository" name="schism tv repository">
        <info compressed="false">https://raw.github.com/SemperfidelisTV/SemperFI-Builds/master/addons.xml</info>
        <checksum>https://raw.github.com/SemperfidelisTV/SemperFI-Builds/master/addons.xml.md5</checksum>
        <datadir zip="true">https://github.com/SemperfidelisTV/SemperFI-Builds/raw/master/zips</datadir>
    </extension>
    <extension point="xbmc.addon.metadata">
        <summary>This is used FOR BUILDS ONLY</summary>
        <description>BUILDS ONLY FROM SEMPERFIDELIS - THIS REPO CONTAINS UPDATES FOR SEMPERFIDELIS TV BUILDS THAT ARE ALLWAYS LOYAL. </description>
        </description>
        <platform>all</platform>
    </extension>
</addon>